;precision;recall;f1-score;support
Negatif (0);0.7658536585365854;0.7536;0.7596774193548388;625.0
Netral (1);0.7386861313868613;0.755223880597015;0.7468634686346863;670.0
Positif (2);0.6947194719471947;0.6890343698854338;0.6918652423993427;611.0
accuracy;0.7334732423924449;0.7334732423924449;0.7334732423924449;0.7334732423924449
macro avg;0.7330864206235471;0.7326194168274829;0.732802043462956;1906.0
weighted avg;0.7335004417493698;0.7334732423924449;0.7334347188814337;1906.0
