;precision;recall;f1-score;support
Negatif (0);0.9176721078779276;0.9255547602004295;0.9215965787598004;1397.0
Netral (1);0.6198083067092651;0.6689655172413793;0.6434494195688224;290.0
Positif (2);0.8424778761061947;0.7933333333333333;0.817167381974249;600.0
accuracy;0.8583296895496283;0.8583296895496283;0.8583296895496283;0.8583296895496283
macro avg;0.7933194302311292;0.7959512035917141;0.794071126767624;2287.0
weighted avg;0.860174494672002;0.8583296895496283;0.8589292441569518;2287.0
