;precision;recall;f1-score;support
Negatif (0);0.9344978165938864;0.9274106175514626;0.9309407286568786;923.0
Netral (1);0.6074766355140186;0.6701030927835051;0.6372549019607843;194.0
Positif (2);0.8734177215189873;0.8455882352941176;0.8592777085927771;408.0
accuracy;0.8727868852459016;0.8727868852459016;0.8727868852459016;0.8727868852459016
macro avg;0.8051307245422974;0.8143673152096951;0.8091577797368132;1525.0
weighted avg;0.8765550048430318;0.8727868852459016;0.8744072450075699;1525.0
