;precision;recall;f1-score;support
Negatif (0);0.7477707006369426;0.7141119221411192;0.730553827006845;822.0
Netral (1);0.704868154158215;0.7879818594104309;0.7441113490364025;882.0
Positif (2);0.7120622568093385;0.6551312649164678;0.6824114356743318;838.0
accuracy;0.7202989771833203;0.7202989771833203;0.7202989771833203;0.7202989771833203
macro avg;0.7215670372014987;0.7190750154893393;0.719025537239193;2542.0
weighted avg;0.7211130602271196;0.7202989771833203;0.7193871906942658;2542.0
