;precision;recall;f1-score;support
Negatif (0);0.4359673024523161;0.5904059040590406;0.5015673981191222;271.0
Netral (1);0.9250398724082934;0.7795698924731183;0.8460977388767323;1488.0
Positif (2);0.3380281690140845;0.6575342465753424;0.44651162790697674;146.0
accuracy;0.7433070866141732;0.7433070866141732;0.7433070866141732;0.7433070866141732
macro avg;0.566345114624898;0.6758366810358337;0.5980589216342771;1905.0
weighted avg;0.8104769458184644;0.7433070866141732;0.7664613637864979;1905.0
