;precision;recall;f1-score;support
Negatif (0);0.0;0.0;0.0;305.0
Netral (1);0.7580052493438321;1.0;0.8623469692445507;1444.0
Positif (2);0.0;0.0;0.0;156.0
accuracy;0.7580052493438321;0.7580052493438321;0.7580052493438321;0.7580052493438321
macro avg;0.252668416447944;0.3333333333333333;0.28744898974818356;1905.0
weighted avg;0.5745719580328049;0.7580052493438321;0.6536635294431135;1905.0
