;precision;recall;f1-score;support
Negatif (0);0.3830275229357798;0.6162361623616236;0.4724186704384724;271.0
Netral (1);0.936986301369863;0.6895161290322581;0.7944250871080141;1488.0
Positif (2);0.27540106951871657;0.7054794520547946;0.39615384615384613;146.0
accuracy;0.6803149606299213;0.6803149606299213;0.6803149606299213;0.6803149606299213
macro avg;0.5318049646081198;0.6704105811495588;0.5543325345667776;1905.0
weighted avg;0.8074774967473413;0.6803149606299213;0.7180936749837336;1905.0
