;precision;recall;f1-score;support
Negatif (0);0.38741721854304634;0.6842105263157895;0.4947145877378436;171.0
Netral (1);0.9408672798948752;0.7152847152847153;0.8127128263337117;1001.0
Positif (2);0.34782608695652173;0.7346938775510204;0.4721311475409836;98.0
accuracy;0.7125984251968503;0.7125984251968503;0.7125984251968503;0.7125984251968503
macro avg;0.5587035284648144;0.7113963730505084;0.5931861872041796;1270.0
weighted avg;0.8205853921790316;0.7125984251968503;0.7436146347419158;1270.0
