;precision;recall;f1-score;support
Negatif (0);0.8938233792751403;0.9358631747728487;0.9143603133159269;1871.0
Netral (1);0.6009615384615384;0.6426735218508998;0.6211180124223603;389.0
Positif (2);0.8620178041543026;0.7363751584283904;0.7942583732057416;789.0
accuracy;0.8468350278779928;0.8468350278779928;0.8468350278779928;0.8468350278779928
macro avg;0.7856009072969937;0.7716372850173796;0.7765788996480096;3049.0
weighted avg;0.8482288056946773;0.8468350278779928;0.8458684517893497;3049.0
