;precision;recall;f1-score;support
Negatif (0);0.391304347826087;0.631578947368421;0.4832214765100672;171.0
Netral (1);0.9633152173913043;0.7082917082917083;0.816350028785262;1001.0
Positif (2);0.29457364341085274;0.7755102040816326;0.42696629213483145;98.0
accuracy;0.7031496062992126;0.7031496062992126;0.7031496062992126;0.7031496062992126
macro avg;0.5497310695427481;0.7051269532472539;0.5755125991433868;1270.0
weighted avg;0.8346927505048977;0.7031496062992126;0.741448777894868;1270.0
