;precision;recall;f1-score;support
Negatif (0);0.6861626248216833;0.7696;0.7254901960784313;625.0
Netral (1);0.7818853974121996;0.6313432835820896;0.698596201486375;670.0
Positif (2);0.6596385542168675;0.7168576104746317;0.6870588235294118;611.0
accuracy;0.7040923399790137;0.7040923399790137;0.7040923399790137;0.7040923399790137
macro avg;0.7092288588169168;0.7059336313522405;0.7037150736980727;1906.0
weighted avg;0.7113085065090409;0.7040923399790137;0.7037165628128864;1906.0
