;precision;recall;f1-score;support
Negatif (0);0.9207708779443254;0.9317443120260022;0.9262250942380182;923.0
Netral (1);0.5865384615384616;0.6288659793814433;0.6069651741293532;194.0
Positif (2);0.8720626631853786;0.8186274509803921;0.8445006321112516;408.0
accuracy;0.8629508196721312;0.8629508196721312;0.8629508196721312;0.8629508196721312
macro avg;0.7931240008893886;0.7930792474626124;0.7925636334928744;1525.0
weighted avg;0.8652206875152186;0.8629508196721312;0.8637464024027385;1525.0
