;precision;recall;f1-score;support
Negatif (0);0.7736842105263158;0.7153284671532847;0.743362831858407;411.0
Netral (1);0.7777777777777778;0.6803455723542117;0.7258064516129032;463.0
Positif (2);0.6275720164609053;0.7682619647355163;0.6908267270668177;397.0
accuracy;0.7191188040912667;0.7191188040912667;0.7191188040912667;0.7191188040912667
macro avg;0.7263446682549995;0.7213120014143376;0.719998670179376;1271.0
weighted avg;0.7295369096557092;0.7191188040912667;0.7205576094697924;1271.0
