;precision;recall;f1-score;support
Negatif (0);0.9092805005213764;0.9447453954496208;0.926673751328374;923.0
Netral (1);0.6208530805687204;0.6752577319587629;0.6469135802469137;194.0
Positif (2);0.8873239436619719;0.7720588235294118;0.8256880733944955;408.0
accuracy;0.8642622950819672;0.8642622950819672;0.8642622950819672;0.8642622950819672
macro avg;0.8058191749173562;0.7973539836459319;0.7997584683232611;1525.0
weighted avg;0.8667144712299322;0.8642622950819672;0.8640667809763571;1525.0
