;precision;recall;f1-score;support
Negatif (0);0.9216391085549964;0.917680744452398;0.9196556671449068;1397.0
Netral (1);0.622895622895623;0.6379310344827587;0.6303236797274276;290.0
Positif (2);0.8313856427378965;0.83;0.8306922435362804;600.0
accuracy;0.8592041976388282;0.8592041976388282;0.8592041976388282;0.8592041976388282
macro avg;0.7919734580628385;0.7952039263117189;0.7935571968028716;2287.0
weighted avg;0.8600791215276776;0.8592041976388282;0.8596275383664875;2287.0
