;precision;recall;f1-score;support
Negatif (0);0.39892665474060823;0.5868421052631579;0.4749733759318424;380.0
Netral (1);0.9275730622617535;0.74527820316488;0.8264930653835267;1959.0
Positif (2);0.32678132678132676;0.6616915422885572;0.4375;201.0
accuracy;0.7149606299212599;0.7149606299212599;0.7149606299212599;0.7149606299212599
macro avg;0.5510936812612295;0.6646039502388651;0.5796554804384564;2540.0
weighted avg;0.8009412615965563;0.7149606299212599;0.7431209834411138;2540.0
