;precision;recall;f1-score;support
Negatif (0);0.9195652173913044;0.9043292357028327;0.9118835893290219;1871.0
Netral (1);0.5806451612903226;0.6940874035989717;0.6323185011709603;389.0
Positif (2);0.831989247311828;0.7845373891001267;0.807566862361383;789.0
accuracy;0.8465070514922926;0.8465070514922926;0.8465070514922926;0.8465070514922926
macro avg;0.7773998753311516;0.7943180094673105;0.7839229842871217;3049.0
weighted avg;0.8536625141390941;0.8465070514922926;0.8492214978659346;3049.0
