;precision;recall;f1-score;support
Negatif (0);0.34519572953736655;0.5025906735751295;0.4092827004219409;193.0
Netral (1);0.8604651162790697;0.8755144032921811;0.8679245283018867;972.0
Positif (2);0.0;0.0;0.0;105.0
accuracy;0.7464566929133858;0.7464566929133858;0.7464566929133858;0.7464566929133858
macro avg;0.4018869486054788;0.4593683589557702;0.4257357429079425;1270.0
weighted avg;0.7110195817511556;0.7464566929133858;0.726467876134542;1270.0
