;precision;recall;f1-score;support
Negatif (0);0.749379652605459;0.7347931873479319;0.742014742014742;411.0
Netral (1);0.7527839643652561;0.7300215982721382;0.7412280701754386;463.0
Positif (2);0.6825775656324582;0.7204030226700252;0.7009803921568627;397.0
accuracy;0.7285601888276947;0.7285601888276947;0.7285601888276947;0.7285601888276947
macro avg;0.7282470608677244;0.7284059360966983;0.7280744014490145;1271.0
weighted avg;0.7297539781888617;0.7285601888276947;0.7289109922467046;1271.0
