;precision;recall;f1-score;support
Negatif (0);0.9149683766690091;0.9319971367215462;0.9234042553191488;1397.0
Netral (1);0.6357615894039735;0.6620689655172414;0.6486486486486486;290.0
Positif (2);0.8594306049822064;0.805;0.8313253012048193;600.0
accuracy;0.8644512461740271;0.8644512461740271;0.8644512461740271;0.8644512461740271
macro avg;0.8033868570183963;0.7996887007462625;0.8011260683908722;2287.0
weighted avg;0.8649934613568351;0.8644512461740271;0.8644070981687147;2287.0
