;precision;recall;f1-score;support
Negatif (0);0.4368932038834951;0.5263157894736842;0.4774535809018568;171.0
Netral (1);0.9173184357541899;0.8201798201798202;0.8660337552742616;1001.0
Positif (2);0.4260355029585799;0.7346938775510204;0.5393258426966292;98.0
accuracy;0.7740157480314961;0.7740157480314961;0.7740157480314961;0.7740157480314961
macro avg;0.5934157141987549;0.6937298290681749;0.6276043929575825;1270.0
weighted avg;0.8147212372787107;0.7740157480314961;0.7885025857858449;1270.0
