;precision;recall;f1-score;support
Negatif (0);0.9104683195592287;0.9463135289906943;0.928044928044928;1397.0
Netral (1);0.688715953307393;0.6103448275862069;0.6471663619744058;290.0
Positif (2);0.856401384083045;0.825;0.8404074702886247;600.0
accuracy;0.8718845649322257;0.8718845649322257;0.8718845649322257;0.8718845649322257
macro avg;0.8185285523165556;0.7938861188589671;0.8052062534359862;2287.0
weighted avg;0.8681647133070456;0.8718845649322257;0.8694365945013192;2287.0
