;precision;recall;f1-score;support
Negatif (0);0.9381898454746137;0.9209100758396533;0.9294696555494806;923.0
Netral (1);0.6074766355140186;0.6701030927835051;0.6372549019607843;194.0
Positif (2);0.8395061728395061;0.8333333333333334;0.8364083640836409;408.0
accuracy;0.8655737704918033;0.8655737704918033;0.8655737704918033;0.8655737704918033
macro avg;0.795057551276046;0.808115500652164;0.8010443071979686;1525.0
weighted avg;0.869716861102496;0.8655737704918033;0.867398397113894;1525.0
