;precision;recall;f1-score;support
Negatif (0);0.9288025889967637;0.9328277356446371;0.9308108108108109;923.0
Netral (1);0.6446700507614214;0.654639175257732;0.6496163682864451;194.0
Positif (2);0.8528678304239401;0.8382352941176471;0.84548825710754;408.0
accuracy;0.8721311475409836;0.8721311475409836;0.8721311475409836;0.8721311475409836
macro avg;0.808780156727375;0.8085674016733387;0.808638478734932;1525.0
weighted avg;0.8723415438063582;0.8721311475409836;0.8722119099841475;1525.0
