;precision;recall;f1-score;support
Negatif (0);0.9168008588298443;0.9128808123997862;0.9148366363149438;1871.0
Netral (1);0.6009280742459396;0.6658097686375322;0.6317073170731707;389.0
Positif (2);0.8291390728476821;0.7934093789607097;0.810880829015544;789.0
accuracy;0.8504427681206953;0.8504427681206953;0.8504427681206953;0.8504427681206953
macro avg;0.782289335307822;0.7906999866660094;0.7858082608012195;3049.0
weighted avg;0.8538163844634734;0.8504427681206953;0.8518132066185594;3049.0
