;precision;recall;f1-score;support
Negatif (0);0.7229832572298326;0.76;0.7410296411856475;625.0
Netral (1);0.7511664074650077;0.7208955223880597;0.7357197258187356;670.0
Positif (2);0.698019801980198;0.6923076923076923;0.695152013147083;611.0
accuracy;0.7245540398740818;0.7245540398740818;0.7245540398740818;0.7245540398740818
macro avg;0.7240564888916795;0.7244010715652506;0.7239671267171554;1906.0
weighted avg;0.7248877900210396;0.7245540398740818;0.724456255022272;1906.0
