;precision;recall;f1-score;support
Negatif (0);0.7428940568475452;0.6995133819951338;0.7205513784461153;822.0
Netral (1);0.7167019027484144;0.7687074829931972;0.7417943107221006;882.0
Positif (2);0.6922141119221411;0.6789976133651552;0.6855421686746989;838.0
accuracy;0.7167584579071598;0.7167584579071598;0.7167584579071598;0.7167584579071598
macro avg;0.7172700238393669;0.7157394927844954;0.7159626192809716;2542.0
weighted avg;0.7170989058786538;0.7167584579071598;0.7163808625055064;2542.0
