;precision;recall;f1-score;support
Negatif (0);0.8979907264296755;0.931587386424372;0.9144805876180483;1871.0
Netral (1);0.62;0.6375321336760925;0.6286438529784537;389.0
Positif (2);0.8573446327683616;0.7693282636248415;0.8109552438209752;789.0
accuracy;0.8520826500491965;0.8520826500491965;0.8520826500491965;0.8520826500491965
macro avg;0.7917784530660125;0.7794825945751022;0.7846932281391591;3049.0
weighted avg;0.8520057607097934;0.8520826500491965;0.8512231307368765;3049.0
