;precision;recall;f1-score;support
Negatif (0);0.9305654974946314;0.9305654974946314;0.9305654974946314;1397.0
Netral (1);0.6023391812865497;0.7103448275862069;0.6518987341772151;290.0
Positif (2);0.8722627737226277;0.7966666666666666;0.8327526132404182;600.0
accuracy;0.8675120244862266;0.8675120244862266;0.8675120244862266;0.8675120244862266
macro avg;0.8017224841679362;0.8125256639158348;0.8050722816374215;2287.0
weighted avg;0.8736493339775584;0.8675120244862266;0.8695680808288777;2287.0
