;precision;recall;f1-score;support
Negatif (0);0.689873417721519;0.7956204379562044;0.7389830508474577;411.0
Netral (1);0.7259615384615384;0.652267818574514;0.6871444823663253;463.0
Positif (2);0.6640419947506562;0.6372795969773299;0.6503856041131105;397.0
accuracy;0.6939417781274587;0.6939417781274587;0.6939417781274587;0.6939417781274587
macro avg;0.6932923169779045;0.6950559511693495;0.6921710457756313;1271.0
weighted avg;0.694951092767307;0.6939417781274587;0.6924256601627212;1271.0
