;precision;recall;f1-score;support
Negatif (0);0.7010752688172043;0.7931873479318735;0.7442922374429224;411.0
Netral (1);0.7323943661971831;0.673866090712743;0.7019122609673791;463.0
Positif (2);0.6657894736842105;0.6372795969773299;0.6512226512226512;397.0
accuracy;0.7010228166797797;0.7010228166797797;0.7010228166797797;0.7010228166797797
macro avg;0.6997530362328659;0.7014443452073156;0.6991423832109843;1271.0
weighted avg;0.7014625870069222;0.7010228166797797;0.6997835396949883;1271.0
