;precision;recall;f1-score;support
Negatif (0);0.9315217391304348;0.9284940411700975;0.9300054259359739;923.0
Netral (1);0.6238095238095238;0.6752577319587629;0.6485148514851485;194.0
Positif (2);0.8582278481012658;0.8308823529411765;0.8443337484433375;408.0
accuracy;0.8701639344262295;0.8701639344262295;0.8701639344262295;0.8701639344262295
macro avg;0.8045197036804081;0.8115447086900124;0.8076180086214867;1525.0
weighted avg;0.8727675900732823;0.8701639344262295;0.8712754483225603;1525.0
