;precision;recall;f1-score;support
Negatif (0);0.0;0.0;0.0;193.0
Netral (1);0.7653543307086614;1.0;0.8670829616413916;972.0
Positif (2);0.0;0.0;0.0;105.0
accuracy;0.7653543307086614;0.7653543307086614;0.7653543307086614;0.7653543307086614
macro avg;0.2551181102362205;0.3333333333333333;0.28902765388046386;1270.0
weighted avg;0.585767251534503;0.7653543307086614;0.6636256997759312;1270.0
