;precision;recall;f1-score;support
Negatif (0);0.918947933440687;0.9150187065740246;0.9169791108730584;1871.0
Netral (1);0.5668789808917197;0.6863753213367609;0.6209302325581396;389.0
Positif (2);0.8391608391608392;0.7604562737642585;0.797872340425532;789.0
accuracy;0.8458510987208921;0.8458510987208921;0.8458510987208921;0.8458510987208921
macro avg;0.7749959178310819;0.7872834338916813;0.77859389461891;3049.0
weighted avg;0.853383210604233;0.8458510987208921;0.848386701706905;3049.0
