;precision;recall;f1-score;support
Negatif (0);0.9389978213507625;0.9255547602004295;0.9322278298485941;1397.0
Netral (1);0.6109422492401215;0.6931034482758621;0.6494345718901454;290.0
Positif (2);0.8605851979345955;0.8333333333333334;0.8467400508044032;600.0
accuracy;0.8718845649322257;0.8718845649322257;0.8718845649322257;0.8718845649322257
macro avg;0.8035084228418267;0.8173305139365418;0.8094674841810475;2287.0
weighted avg;0.8768274278388316;0.8718845649322257;0.8739406797679363;2287.0
