;precision;recall;f1-score;support
Negatif (0);0.7455696202531645;0.7165450121654501;0.7307692307692308;822.0
Netral (1);0.7340909090909091;0.7324263038548753;0.7332576617480137;882.0
Positif (2);0.6834862385321101;0.711217183770883;0.6970760233918128;838.0
accuracy;0.7202989771833203;0.7202989771833203;0.7202989771833203;0.7202989771833203
macro avg;0.7210489226253946;0.7200628332637361;0.7203676386363526;2542.0
weighted avg;0.7211203294870934;0.7202989771833203;0.7205252844045614;2542.0
