;precision;recall;f1-score;support
Negatif (0);0.9158485273492286;0.9348604151753758;0.9252568189868934;1397.0
Netral (1);0.6666666666666666;0.6482758620689655;0.6573426573426573;290.0
Positif (2);0.8549222797927462;0.825;0.8396946564885495;600.0
accuracy;0.8696982947092261;0.8696982947092261;0.8696982947092261;0.8696982947092261
macro avg;0.8124791579362137;0.8027120924147804;0.8074313776060333;2287.0
weighted avg;0.8682672032863373;0.8696982947092261;0.8688368782891082;2287.0
