;precision;recall;f1-score;support
Negatif (0);0.9234856535600425;0.9414951245937161;0.9324034334763949;923.0
Netral (1);0.6424870466321243;0.6391752577319587;0.6408268733850129;194.0
Positif (2);0.8644501278772379;0.8284313725490197;0.8460575719649562;408.0
accuracy;0.8727868852459016;0.8727868852459016;0.8727868852459016;0.8727868852459016
macro avg;0.8101409426898015;0.8030339182915648;0.8064292929421213;1525.0
weighted avg;0.8719445229222718;0.8727868852459016;0.8722100143587588;1525.0
