;precision;recall;f1-score;support
Negatif (0);0.9165311653116531;0.9037947621592731;0.910118406889128;1871.0
Netral (1);0.5806451612903226;0.6478149100257069;0.6123936816524908;389.0
Positif (2);0.8194805194805195;0.7997465145754119;0.8094932649134061;789.0
accuracy;0.844211216792391;0.844211216792391;0.844211216792391;0.844211216792391
macro avg;0.7722189486941651;0.7837853955867974;0.7773351178183416;3049.0
weighted avg;0.8485637612037287;0.844211216792391;0.846094741708447;3049.0
