;precision;recall;f1-score;support
Negatif (0);0.9215148188803512;0.897381079636558;0.909287841862984;1871.0
Netral (1);0.5954022988505747;0.6658097686375322;0.6286407766990292;389.0
Positif (2);0.8131313131313131;0.8162230671736375;0.8146742567994939;789.0
accuracy;0.8468350278779928;0.8468350278779928;0.8468350278779928;0.8468350278779928
macro avg;0.7766828102874129;0.7931379718159093;0.7842009584538356;3049.0
weighted avg;0.8518617010293922;0.8468350278779928;0.8489986234425603;3049.0
