;precision;recall;f1-score;support
Negatif (0);0.6781485468245425;0.7664233576642335;0.7195888063963449;822.0
Netral (1);0.7286821705426356;0.746031746031746;0.7372549019607844;882.0
Positif (2);0.7323943661971831;0.6205250596658711;0.6718346253229974;838.0
accuracy;0.7112509834775768;0.7112509834775768;0.7112509834775768;0.7112509834775768
macro avg;0.7130750278547872;0.7109933877872835;0.7095594445600423;2542.0
weighted avg;0.7135650113224303;0.7112509834775768;0.7099757035436188;2542.0
