;precision;recall;f1-score;support
Negatif (0);0.7430769230769231;0.7728;0.7576470588235295;625.0
Netral (1);0.7599364069952306;0.7134328358208956;0.7359507313317938;670.0
Positif (2);0.6874003189792663;0.7054009819967266;0.6962843295638126;611.0
accuracy;0.7303252885624344;0.7303252885624344;0.7303252885624344;0.7303252885624344
macro avg;0.73013788301714;0.7305446059392073;0.7299607065730452;1906.0
weighted avg;0.7311553328993773;0.7303252885624344;0.7303494895700405;1906.0
