;precision;recall;f1-score;support
Negatif (0);0.6686046511627907;0.8394160583941606;0.7443365695792881;411.0
Netral (1);0.7440758293838863;0.6781857451403888;0.7096045197740114;463.0
Positif (2);0.6966966966966966;0.5843828715365239;0.6356164383561643;397.0
accuracy;0.7010228166797797;0.7010228166797797;0.7010228166797797;0.7010228166797797
macro avg;0.7031257257477912;0.7006615583570244;0.6965191759031546;1271.0
weighted avg;0.7048719191355113;0.7010228166797797;0.6977253727614885;1271.0
