;precision;recall;f1-score;support
Negatif (0);0.9119662625197681;0.9246392303580973;0.9182590233545649;1871.0
Netral (1);0.6037296037296037;0.6658097686375322;0.6332518337408313;389.0
Positif (2);0.8533886583679114;0.7820025348542459;0.8161375661375662;789.0
accuracy;0.8547064611347983;0.8547064611347983;0.8547064611347983;0.8547064611347983
macro avg;0.7896948415390944;0.7908171779499584;0.7892161410776541;3049.0
weighted avg;0.8574822382674924;0.8547064611347983;0.8554706906212247;3049.0
