;precision;recall;f1-score;support
Negatif (0);0.9344624447717231;0.9083750894774517;0.9212341197822141;1397.0
Netral (1);0.6092307692307692;0.6827586206896552;0.6439024390243903;290.0
Positif (2);0.8228476821192053;0.8283333333333334;0.8255813953488372;600.0
accuracy;0.8587669435942282;0.8587669435942282;0.8587669435942282;0.8587669435942282
macro avg;0.7888469653738993;0.8064890145001469;0.7969059847184806;2287.0
weighted avg;0.8639394699145359;0.8587669435942282;0.8609727196598727;2287.0
