;precision;recall;f1-score;support
Negatif (0);0.38461538461538464;0.6826568265682657;0.4920212765957447;271.0
Netral (1);0.9279588336192109;0.7271505376344086;0.8153730218538057;1488.0
Positif (2);0.3488372093023256;0.6164383561643836;0.44554455445544555;146.0
accuracy;0.7123359580052493;0.7123359580052493;0.7123359580052493;0.7123359580052493
macro avg;0.5538038091789738;0.6754152401223527;0.5843129509683319;1905.0
weighted avg;0.8062801817397873;0.7123359580052493;0.7410300931372203;1905.0
