;precision;recall;f1-score;support
Negatif (0);0.9248389405869721;0.9248389405869721;0.924838940586972;1397.0
Netral (1);0.6056782334384858;0.6620689655172414;0.6326194398682043;290.0
Positif (2);0.8359511343804538;0.7983333333333333;0.8167092924126172;600.0
accuracy;0.8583296895496283;0.8583296895496283;0.8583296895496283;0.8583296895496283
macro avg;0.7888227694686373;0.795080413145849;0.7913892242892645;2287.0
weighted avg;0.8610482589966914;0.8583296895496283;0.8594163589896588;2287.0
