;precision;recall;f1-score;support
Negatif (0);0.920515574650913;0.9160876536611438;0.9182962764532547;1871.0
Netral (1);0.5860566448801743;0.6915167095115681;0.6344339622641509;389.0
Positif (2);0.853021978021978;0.7870722433460076;0.8187211601845747;789.0
accuracy;0.8540505083633978;0.8540505083633978;0.8540505083633978;0.8540505083633978
macro avg;0.7865313991843551;0.7982255355062398;0.7904837996339934;3049.0
weighted avg;0.8603788178712978;0.8540505083633978;0.8563129353723922;3049.0
