;precision;recall;f1-score;support
Negatif (0);0.9197860962566845;0.9317443120260022;0.9257265877287406;923.0
Netral (1);0.6178010471204188;0.6082474226804123;0.612987012987013;194.0
Positif (2);0.8471177944862155;0.8284313725490197;0.8376703841387856;408.0
accuracy;0.8629508196721312;0.8629508196721312;0.8629508196721312;0.8629508196721312
macro avg;0.7949016459544396;0.7894743690851448;0.792127994951513;1525.0
weighted avg;0.8619278886142013;0.8629508196721312;0.8623833689978574;1525.0
