;precision;recall;f1-score;support
Negatif (0);0.8927282104177411;0.9251737039016569;0.9086614173228347;1871.0
Netral (1);0.6440217391304348;0.609254498714653;0.6261558784676354;389.0
Positif (2);0.8355795148247979;0.7858048162230672;0.8099281515349446;789.0
accuracy;0.8488028861921941;0.8488028861921941;0.8488028861921941;0.8488028861921941
macro avg;0.7907764881243247;0.7734110062797924;0.7815818157751382;3049.0
weighted avg;0.8462089784880612;0.8488028861921941;0.8470690259416219;3049.0
