;precision;recall;f1-score;support
Negatif (0);0.9167567567567567;0.9064671298770711;0.9115829078204783;1871.0
Netral (1);0.5918803418803419;0.712082262210797;0.6464410735122521;389.0
Positif (2);0.8467852257181943;0.7845373891001267;0.8144736842105262;789.0
accuracy;0.850114791734995;0.850114791734995;0.850114791734995;0.850114791734995
macro avg;0.7851407747850976;0.8010289270626649;0.7908325551810856;3049.0
weighted avg;0.8572013407592654;0.850114791734995;0.8526260855921569;3049.0
