;precision;recall;f1-score;support
Negatif (0);0.3755868544600939;0.41450777202072536;0.3940886699507388;193.0
Netral (1);0.8766839378238342;0.8703703703703703;0.8735157459989674;972.0
Positif (2);0.5217391304347826;0.45714285714285713;0.4873096446700507;105.0
accuracy;0.7669291338582677;0.7669291338582677;0.7669291338582677;0.7669291338582677
macro avg;0.5913366409062369;0.5806736665113176;0.5849713535399189;1270.0
weighted avg;0.7711871332056828;0.7669291338582677;0.7687275048046018;1270.0
