;precision;recall;f1-score;support
Negatif (0);0.7238307349665924;0.7907542579075426;0.7558139534883721;411.0
Netral (1);0.7639198218262806;0.7408207343412527;0.7521929824561403;463.0
Positif (2);0.7131367292225201;0.6700251889168766;0.6909090909090909;397.0
accuracy;0.7348544453186467;0.7348544453186467;0.7348544453186467;0.7348544453186467
macro avg;0.7336290953384644;0.7338667270552239;0.7329720089512012;1271.0
weighted avg;0.7350940921150102;0.7348544453186467;0.7342217111344004;1271.0
