;precision;recall;f1-score;support
Negatif (0);0.9359534206695779;0.9205440229062276;0.9281847708408517;1397.0
Netral (1);0.6077844311377245;0.7;0.6506410256410257;290.0
Positif (2);0.8566493955094991;0.8266666666666667;0.8413910093299406;600.0
accuracy;0.8679492785308264;0.8679492785308264;0.8679492785308264;0.8679492785308264
macro avg;0.8001290824389339;0.815736896524298;0.806738935270606;2287.0
weighted avg;0.8735347840013292;0.8679492785308264;0.8702206505896509;2287.0
