;precision;recall;f1-score;support
Negatif (0);0.3870967741935484;0.5756457564575646;0.4629080118694362;271.0
Netral (1);0.9234449760765551;0.6485215053763441;0.7619423608369523;1488.0
Positif (2);0.23194748358862144;0.726027397260274;0.35157545605306795;146.0
accuracy;0.6440944881889764;0.6440944881889764;0.6440944881889764;0.6440944881889764
macro avg;0.5141630779529084;0.6500648863647276;0.5254752762531522;1905.0
weighted avg;0.794148914862102;0.6440944881889764;0.6879518743967192;1905.0
