;precision;recall;f1-score;support
Negatif (0);0.7554438860971524;0.7216;0.7381342062193126;625.0
Netral (1);0.7407407407407407;0.7164179104477612;0.7283763277693474;670.0
Positif (2);0.6626323751891074;0.7168576104746317;0.6886792452830189;611.0
accuracy;0.7182581322140609;0.7182581322140609;0.7182581322140609;0.7182581322140609
macro avg;0.7196056673423336;0.7182918403074643;0.7183965930905596;1906.0
weighted avg;0.7205231407909555;0.7182581322140609;0.7188504917945738;1906.0
