;precision;recall;f1-score;support
Negatif (0);0.9092339979013642;0.926242650988776;0.9176595181360869;1871.0
Netral (1);0.6521739130434783;0.6555269922879178;0.6538461538461539;389.0
Positif (2);0.8377659574468085;0.7984790874524715;0.8176508760545101;789.0
accuracy;0.8586421777632011;0.8586421777632011;0.8586421777632011;0.8586421777632011
macro avg;0.7997246227972169;0.7934162435763884;0.7963855160122503;3049.0
weighted avg;0.8579435233430296;0.8586421777632011;0.8581218935669993;3049.0
