;precision;recall;f1-score;support
Negatif (0);0.7777777777777778;0.728;0.7520661157024793;625.0
Netral (1);0.7527047913446677;0.7268656716417911;0.7395596051632499;670.0
Positif (2);0.6617210682492581;0.7299509001636661;0.6941634241245137;611.0
accuracy;0.7282266526757608;0.7282266526757608;0.7282266526757608;0.7282266526757608
macro avg;0.7307345457905678;0.7282721906018189;0.7285963816634143;1906.0
weighted avg;0.7317601752425683;0.7282266526757608;0.7291081374152701;1906.0
