;precision;recall;f1-score;support
Negatif (0);0.7156177156177156;0.7469586374695864;0.7309523809523809;411.0
Netral (1);0.7907608695652174;0.6285097192224622;0.700361010830325;463.0
Positif (2);0.620253164556962;0.7405541561712846;0.6750861079219288;397.0
accuracy;0.7018095987411487;0.7018095987411487;0.7018095987411487;0.7018095987411487
macro avg;0.7088772499132983;0.7053408376211111;0.7021331665682116;1271.0
weighted avg;0.7132035169604176;0.7018095987411487;0.7023585849180761;1271.0
