;precision;recall;f1-score;support
Negatif (0);0.7036599763872491;0.7250608272506083;0.7142001198322349;822.0
Netral (1);0.7422552664188352;0.6791383219954649;0.709295441089402;882.0
Positif (2);0.6632882882882883;0.7028639618138425;0.6825028968713789;838.0
accuracy;0.7018095987411487;0.7018095987411487;0.7018095987411487;0.7018095987411487
macro avg;0.7030678436981243;0.7023543703533052;0.7019994859310051;2542.0
weighted avg;0.7037424198101169;0.7018095987411487;0.7020489791979407;2542.0
