;precision;recall;f1-score;support
Negatif (0);0.7274774774774775;0.7858880778588808;0.7555555555555555;411.0
Netral (1);0.7560386473429952;0.6760259179265659;0.7137970353477765;463.0
Positif (2);0.6658595641646489;0.6926952141057935;0.6790123456790124;397.0
accuracy;0.7167584579071598;0.7167584579071598;0.7167584579071598;0.7167584579071598
macro avg;0.7164585629950405;0.7182030699637467;0.7161216455274482;1271.0
weighted avg;0.7186352351978093;0.7167584579071598;0.716435296564848;1271.0
