;precision;recall;f1-score;support
Negatif (0);0.9231863442389758;0.9291338582677166;0.9261505529789511;1397.0
Netral (1);0.6481481481481481;0.603448275862069;0.625;290.0
Positif (2);0.8166939443535188;0.8316666666666667;0.82411230388109;600.0
accuracy;0.8622649759510276;0.8622649759510276;0.8622649759510276;0.8622649759510276
macro avg;0.7960094789135477;0.7880829335988174;0.7917542856200136;2287.0
weighted avg;0.8603719512360838;0.8622649759510276;0.8611935744819627;2287.0
