;precision;recall;f1-score;support
Negatif (0);0.9185185185185185;0.9404117009750813;0.9293361884368309;923.0
Netral (1);0.6237623762376238;0.6494845360824743;0.6363636363636364;194.0
Positif (2);0.8624338624338624;0.7990196078431373;0.8295165394402035;408.0
accuracy;0.8655737704918033;0.8655737704918033;0.8655737704918033;0.8655737704918033
macro avg;0.8015715857300015;0.7963052816335643;0.7984054547468903;1525.0
weighted avg;0.8660167275119394;0.8655737704918033;0.8653603904743237;1525.0
