;precision;recall;f1-score;support
Negatif (0);0.7503234152652005;0.7055961070559611;0.7272727272727273;822.0
Netral (1);0.7380410022779044;0.7346938775510204;0.7363636363636364;882.0
Positif (2);0.675645342312009;0.7183770883054893;0.6963562753036437;838.0
accuracy;0.7199055861526357;0.7199055861526357;0.7199055861526357;0.7199055861526357
macro avg;0.7213365866183713;0.7195556909708237;0.7199975463133358;2542.0
weighted avg;0.7214432762449136;0.7199055861526357;0.7202350384718186;2542.0
