;precision;recall;f1-score;support
Negatif (0);0.7579462102689487;0.754257907542579;0.7560975609756099;411.0
Netral (1);0.7563559322033898;0.7710583153347732;0.7636363636363636;463.0
Positif (2);0.7153846153846154;0.7027707808564232;0.7090216010165183;397.0
accuracy;0.7442958300550747;0.7442958300550747;0.7442958300550747;0.7442958300550747
macro avg;0.7432289192856514;0.7426956679112585;0.7429185085428306;1271.0
weighted avg;0.744072683979858;0.7442958300550747;0.7441395039560736;1271.0
