;precision;recall;f1-score;support
Negatif (0);0.9067085953878407;0.9371614301191766;0.921683537559936;923.0
Netral (1);0.6220095693779905;0.6701030927835051;0.6451612903225806;194.0
Positif (2);0.8812154696132597;0.7818627450980392;0.8285714285714285;408.0
accuracy;0.861639344262295;0.861639344262295;0.861639344262295;0.861639344262295
macro avg;0.8033112114596971;0.7963757560002404;0.7984720854846484;1525.0
weighted avg;0.8636706895767325;0.861639344262295;0.8615949759656029;1525.0
