;precision;recall;f1-score;support
Negatif (0);0.9362637362637363;0.9230769230769231;0.9296235679214403;923.0
Netral (1);0.6372549019607843;0.6701030927835051;0.6532663316582914;194.0
Positif (2);0.8345498783454988;0.8406862745098039;0.8376068376068376;408.0
accuracy;0.8688524590163934;0.8688524590163934;0.8688524590163934;0.8688524590163934
macro avg;0.8026895055233397;0.8112887634567442;0.8068322457288565;1525.0
weighted avg;0.8710132655192027;0.8688524590163934;0.8698490565749428;1525.0
