;precision;recall;f1-score;support
Negatif (0);0.3786407766990291;0.6842105263157895;0.48750000000000004;171.0
Netral (1);0.9491978609625669;0.7092907092907093;0.8118925100057175;1001.0
Positif (2);0.3474178403755869;0.7551020408163265;0.47588424437299043;98.0
accuracy;0.7094488188976378;0.7094488188976378;0.7094488188976378;0.7094488188976378
macro avg;0.5584188260123942;0.7162010921409419;0.591758918126236;1270.0
weighted avg;0.8259382519652526;0.7094488188976378;0.7422862665073042;1270.0
