;precision;recall;f1-score;support
Negatif (0);0.9295570079883806;0.9162491052254832;0.9228550829127614;1397.0
Netral (1);0.6261980830670927;0.6758620689655173;0.6500829187396352;290.0
Positif (2);0.8391959798994975;0.835;0.8370927318295739;600.0
accuracy;0.8644512461740271;0.8644512461740271;0.8644512461740271;0.8644512461740271
macro avg;0.7983170236516569;0.8090370580636668;0.8033435778273236;2287.0
weighted avg;0.8673835470874172;0.8644512461740271;0.8657666096901471;2287.0
