;precision;recall;f1-score;support
Negatif (0);0.9389140271493213;0.8992416034669556;0.9186496956281128;923.0
Netral (1);0.5787037037037037;0.6443298969072165;0.6097560975609757;194.0
Positif (2);0.8070588235294117;0.8406862745098039;0.8235294117647058;408.0
accuracy;0.8511475409836066;0.8511475409836066;0.8511475409836066;0.8511475409836066
macro avg;0.7748921847941456;0.7947525916279919;0.7839784016512649;1525.0
weighted avg;0.8578138790671094;0.8511475409836066;0.8539058045846408;1525.0
