;precision;recall;f1-score;support
Negatif (0);0.7476190476190476;0.7639902676399026;0.7557160048134777;411.0
Netral (1);0.7410526315789474;0.7602591792656588;0.7505330490405118;463.0
Positif (2);0.726063829787234;0.6876574307304786;0.7063389391979302;397.0
accuracy;0.7387883556254917;0.7387883556254917;0.7387883556254917;0.7387883556254917
macro avg;0.738245169661743;0.7373022925453467;0.7375293310173067;1271.0
weighted avg;0.7384942072525675;0.7387883556254917;0.7384049083758258;1271.0
